{
    "pose-011": {
        "board_wrt_camera": [
            [
                -0.09916532309792953, 
                -0.9181721824320181, 
                -0.3835701788498525, 
                0.002259322236402554
            ], 
            [
                -0.27378709692264663, 
                0.39576839040387946, 
                -0.8765888470176832, 
                -0.03304424629294538
            ], 
            [
                0.9566644470521273, 
                0.01808934949485147, 
                -0.29063019660954137, 
                0.15581008961149498
            ], 
            [
                0.0, 
                0.0, 
                0.0, 
                1.0
            ]
        ]
    }, 
    "pose-010": {
        "board_wrt_camera": [
            [
                -0.06785973913222754, 
                -0.5973910437602958, 
                -0.7990738367884973, 
                0.003249751326372369
            ], 
            [
                -0.1991664761275102, 
                -0.7766878472563914, 
                0.5975689941012522, 
                0.0034886038136392066
            ], 
            [
                -0.9776133031991001, 
                0.1996995962920727, 
                -0.0662744343538837, 
                0.14166980404254434
            ], 
            [
                0.0, 
                0.0, 
                0.0, 
                1.0
            ]
        ]
    }, 
    "pose-013": {
        "board_wrt_camera": [
            [
                -0.08856148109989836, 
                -0.8328101961741756, 
                -0.546428441073233, 
                0.0026905066433836624
            ], 
            [
                -0.28036461746356806, 
                0.5472463844249702, 
                -0.7886171923108863, 
                -0.02352928482849075
            ], 
            [
                0.9557994273590562, 
                0.0833580942808152, 
                -0.28195546240137137, 
                0.10456194505379157
            ], 
            [
                0.0, 
                0.0, 
                0.0, 
                1.0
            ]
        ]
    }, 
    "pose-004": {
        "board_wrt_camera": [
            [
                -0.05265220654886971, 
                -0.36637512487778445, 
                -0.9289763253260672, 
                0.002177335901004406
            ], 
            [
                -0.15544459276105826, 
                -0.9159203738547698, 
                0.3700362784094114, 
                -0.005761976661233653
            ], 
            [
                -0.9864404309064405, 
                0.16388757313636232, 
                -0.008725803377889418, 
                0.09573456025003406
            ], 
            [
                0.0, 
                0.0, 
                0.0, 
                1.0
            ]
        ]
    }, 
    "pose-014": {
        "board_wrt_camera": [
            [
                -0.06426473790911691, 
                -0.7400856294739877, 
                -0.6694350636974161, 
                0.004020208952374955
            ], 
            [
                -0.06423789486392856, 
                0.6724983864268455, 
                -0.7373055086710933, 
                -0.011635068536210607
            ], 
            [
                0.9958632116535499, 
                -0.004379646033673912, 
                -0.09075947540447973, 
                0.13746346274544116
            ], 
            [
                0.0, 
                0.0, 
                0.0, 
                1.0
            ]
        ]
    }, 
    "pose-008": {
        "board_wrt_camera": [
            [
                -0.07142204723444201, 
                -0.9020688736284739, 
                0.4256414434703193, 
                0.006876470675499644
            ], 
            [
                -0.21620666404989586, 
                -0.40258454814429845, 
                -0.8894831982763172, 
                -0.004674838395924535
            ], 
            [
                0.9737317749715555, 
                -0.1555552275756335, 
                -0.1662798892970414, 
                0.20321876938766797
            ], 
            [
                0.0, 
                0.0, 
                0.0, 
                1.0
            ]
        ]
    }, 
    "pose-009": {
        "board_wrt_camera": [
            [
                -0.06711734910399336, 
                -0.42348890839159015, 
                -0.9034115374061549, 
                0.0037115350172355083
            ], 
            [
                -0.10269778384233275, 
                -0.8977118084250693, 
                0.4284468160788049, 
                -0.0002869289254058194
            ], 
            [
                -0.9924456794420169, 
                0.12153457731646239, 
                0.01676066446721791, 
                0.0926883609456573
            ], 
            [
                0.0, 
                0.0, 
                0.0, 
                1.0
            ]
        ]
    }, 
    "pose-012": {
        "board_wrt_camera": [
            [
                -0.07707103938117808, 
                -0.7968781620659915, 
                0.5992038465422533, 
                0.002344878675930266
            ], 
            [
                0.2869309419147781, 
                0.557838649855772, 
                0.7787725440069057, 
                -0.02896041447223609
            ], 
            [
                -0.9548458982791952, 
                0.23195093349546336, 
                0.18565579708153482, 
                0.14030611002650759
            ], 
            [
                0.0, 
                0.0, 
                0.0, 
                1.0
            ]
        ]
    }, 
    "pose-000": {
        "board_wrt_camera": [
            [
                -0.0878083178615075, 
                -0.9929785076756092, 
                -0.07926779048675758, 
                0.00569721596780909
            ], 
            [
                -0.15223137062394293, 
                0.09201691079002605, 
                -0.9840520809015223, 
                -0.008650771362321058
            ], 
            [
                0.9844365439744138, 
                -0.07434091351994804, 
                -0.15924232937486016, 
                0.1832393526926108
            ], 
            [
                0.0, 
                0.0, 
                0.0, 
                1.0
            ]
        ]
    }, 
    "pose-001": {
        "board_wrt_camera": [
            [
                -0.027038971085497243, 
                -0.33511425017326735, 
                0.9417894315469069, 
                0.001500469587330024
            ], 
            [
                -0.08982249822141783, 
                -0.9375083089287068, 
                -0.3361697331749243, 
                0.0041863689227470005
            ], 
            [
                0.9955906854003309, 
                -0.09368356323520816, 
                -0.0047515390826237125, 
                0.05976785278087532
            ], 
            [
                0.0, 
                0.0, 
                0.0, 
                1.0
            ]
        ]
    }, 
    "pose-002": {
        "board_wrt_camera": [
            [
                -0.07811845790412984, 
                -0.8042971554385232, 
                0.5890701081265124, 
                0.002428857932862624
            ], 
            [
                0.28266823448862205, 
                0.5487581825389307, 
                0.7867420964379972, 
                -0.028525775228299025
            ], 
            [
                -0.9560314721523377, 
                0.2279704867961414, 
                0.18448111394981384, 
                0.1426859551405031
            ], 
            [
                0.0, 
                0.0, 
                0.0, 
                1.0
            ]
        ]
    },